Recipe,Ingredient,Allergen,,,,
Lasagne Cup,Mozzarella Cheese,Dairy,,,,
Lasagne Cup,Tasty Cheese,Dairy,,,,
Lasagne Cup,Nuttlex Butter,,,,,
Lasagne Cup,Plain Flour,Gluten,,,,
Lasagne Cup,Lactose free milk,Dairy (lactose free),,,,
Lasagne Cup,Salt,,,,,
Lasagne Cup,Black Pepper,,,,,
Lasagne Cup,Nutmeg,,,,,
Lasagne Cup,Garlic Oil (FODMAP friendly),,,,,
Lasagne Cup,Gyoza Wrapper,Gluten,,,,
Lasagne Cup,Worcestershire Sauce,Chilli,,,,
Cinnamon Scrolls,Cinnamon,,,,,
Cinnamon Scroll,Milk,Dairy,,,,
